Employee_Name,Department,Base_Salary,Bonus,Benefits,Total_Monthly 
John Smith,Engineering,13013.15203125,1200,850,15063.15203125
Sarah Johnson,Marketing,11022.90525,800,720,12542.90525
Mike Davis,Sales,10410.521624999998,1500,680,12590.521624999998
Lisa Chen,Engineering,14084.823375000002,1000,920,16004.823375000002
David Wilson,HR,9951.233906250001,500,650,11101.233906250001
