Employee_Name,Department,Base_Salary,Bonus,Benefits,Total_Monthly 
John Smith,Engineering,11241.25,1200,850,12132.499999999998
Sarah Johnson,Marketing,9522.0,800,720,10028.0
Mike Davis,Sales,8992.999999999998,1500,680,10327.0
Lisa Chen,Engineering,12166.999999999998,1000,920,12787.999999999998
David Wilson,HR,8596.249999999998,500,650,8797.5
