Employee_Name,Department,Base_Salary,Bonus,Benefits,Total_Monthly 
John Smith,Engineering,12393.478125,1200,850,14443.478125
Sarah Johnson,Marketing,10498.005000000001,800,720,12018.005000000001
Mike Davis,Sales,9914.782499999998,1500,680,12094.782499999998
Lisa Chen,Engineering,13414.1175,1000,920,15334.1175
David Wilson,HR,9477.365624999999,500,650,10627.365624999999
