Employee_Name,Department,Base_Salary,Bonus,Benefits,Total_Monthly 
John Smith,Engineering,14347.000114453125,1200,850,16397.000114453127
Sarah Johnson,Marketing,12152.753038125,800,720,13672.753038125
Mike Davis,Sales,11477.600091562497,1500,680,13657.600091562497
Lisa Chen,Engineering,15528.517770937504,1000,920,17448.517770937506
David Wilson,HR,10971.235381640627,500,650,12121.235381640627
