Employee_Name,Department,Base_Salary,Bonus,Benefits,Total_Monthly 
John Smith,Engineering,13663.809632812501,1200,850,15713.809632812501
Sarah Johnson,Marketing,11574.0505125,800,720,13094.0505125
Mike Davis,Sales,10931.047706249998,1500,680,13111.047706249998
Lisa Chen,Engineering,14789.064543750002,1000,920,16709.064543750002
David Wilson,HR,10448.7956015625,500,650,11598.7956015625
