Employee_Name,Department,Base_Salary,Bonus,Benefits,Total_Monthly 
John Smith,Engineering,11803.3125,1200,850,13853.3125
Sarah Johnson,Marketing,9998.1,800,720,11518.1
Mike Davis,Sales,9442.649999999998,1500,680,11622.649999999998
Lisa Chen,Engineering,12775.349999999999,1000,920,14695.349999999999
David Wilson,HR,9026.062499999998,500,650,10176.062499999998
